date,city,product,quantity,price
2025-Mar-23,Bangalore,Laptop,8,521.36
2025-Feb-25,Pune,Monitor,4,139.68
2025-Mar-6,Kolkata,Keyboard,8,352.57
2025-Apr-26,Bangalore,Phone,2,596.62
2025-Jun-2,Mumbai,Phone,5,548.47
2025-May-26,Hyderabad,Phone,9,279.8
2025-Mar-15,Kolkata,Tablet,10,514.59
2025-Feb-2,Chennai,Mouse,8,104.93
2025-Mar-7,Pune,Phone,10,176.85
2025-Jan-15,Hyderabad,Tablet,4,492.84
2025-Jun-26,Bangalore,Keyboard,5,451.17
2025-Jan-1,Kolkata,Monitor,4,366.93
2025-Jun-2,Chennai,Keyboard,4,596.72
2025-Jan-13,Hyderabad,Headset,1,405.05
2025-Mar-10,Pune,Monitor,1,447.86
2025-Mar-27,Kolkata,Phone,9,296.94
2025-Feb-14,Pune,Phone,7,562.44
2025-Jun-2,Delhi,Mouse,7,233.99
2025-Mar-28,Pune,Mouse,1,481.16
2025-Apr-7,Delhi,Mouse,8,526.5
2025-Jun-17,Bangalore,Tablet,3,454.99
2025-Apr-6,Mumbai,Mouse,3,190.71
2025-Jan-26,Bangalore,Monitor,2,596.93
2025-Mar-14,Kolkata,Phone,6,449
2025-Jun-18,Pune,Headset,2,254.62
2025-Jun-15,Kolkata,Keyboard,7,195.13
2025-May-15,Delhi,Phone,4,175.67
2025-Jan-20,Chennai,Monitor,3,279.25
2025-May-4,Pune,Laptop,1,474.65
2025-Mar-21,Chennai,Phone,7,179.88
2025-Jun-11,Kolkata,Headset,5,141.37
2025-Mar-18,Delhi,Keyboard,5,337.74
2025-Jan-21,Pune,Phone,3,110.17
2025-May-25,Mumbai,Tablet,10,428.99
2025-Feb-28,Mumbai,Phone,2,137.18
2025-Jan-10,Delhi,Headset,1,265.38
2025-Apr-16,Mumbai,Phone,9,585.62
2025-Feb-14,Chennai,Phone,5,565.4
2025-Feb-6,Delhi,Phone,8,409.67
2025-May-25,Pune,Laptop,3,186.93
2025-Feb-16,Kolkata,Headset,9,442.58
2025-May-19,Delhi,Tablet,10,478.61
2025-Mar-28,Bangalore,Mouse,10,394.46
2025-Jan-21,Mumbai,Phone,8,235.59
2025-Mar-25,Hyderabad,Tablet,2,387.1
2025-Mar-2,Kolkata,Keyboard,1,258.98
2025-Apr-19,Hyderabad,Keyboard,3,126.25
2025-Feb-8,Mumbai,Laptop,7,327.38
2025-Jun-26,Delhi,Laptop,7,397.1
2025-May-18,Kolkata,Headset,9,275.16
2025-Apr-14,Hyderabad,Headset,2,409.36
2025-May-17,Mumbai,Laptop,1,311.62
2025-Feb-8,Mumbai,Phone,4,109.7
2025-Mar-1,Delhi,Tablet,2,157.29
2025-Mar-9,Bangalore,Phone,10,470.14
2025-Apr-11,Pune,Monitor,9,503.21
2025-Jun-27,Chennai,Mouse,8,578.77
2025-Feb-19,Bangalore,Mouse,7,412.47
2025-May-27,Pune,Laptop,2,293.77
2025-Jan-22,Pune,Laptop,7,560.16
2025-Apr-4,Pune,Laptop,3,596.43
2025-May-21,Delhi,Phone,3,300.28
2025-Mar-13,Hyderabad,Phone,6,359.01
2025-Apr-6,Pune,Monitor,7,289.02
2025-May-23,Kolkata,Phone,4,188.16
2025-Feb-1,Bangalore,Laptop,8,424.66
2025-Jun-27,Kolkata,Laptop,2,527.98
2025-Feb-24,Kolkata,Monitor,3,154.38
2025-Apr-27,Bangalore,Tablet,6,181.46
2025-Mar-20,Pune,Keyboard,10,207.09
2025-Jan-10,Bangalore,Headset,6,569.76
2025-Mar-12,Delhi,Laptop,5,471.77
2025-May-23,Kolkata,Tablet,9,268.86
2025-Jan-22,Hyderabad,Headset,3,409.81
2025-Feb-21,Kolkata,Mouse,7,362.3
2025-Apr-26,Mumbai,Laptop,3,257.57
2025-Feb-23,Hyderabad,Monitor,5,316.79
2025-May-7,Delhi,Tablet,7,379.99
2025-Mar-23,Mumbai,Keyboard,3,445.71
2025-Jun-13,Hyderabad,Mouse,6,370.27
2025-Mar-27,Bangalore,Mouse,7,561.66
2025-Mar-5,Mumbai,Phone,6,433.86
2025-Jan-24,Kolkata,Phone,8,474.38
2025-Jun-4,Bangalore,Mouse,10,552.84
2025-Jun-21,Delhi,Laptop,2,185.28
2025-Feb-24,Bangalore,Keyboard,4,226.05
2025-Apr-19,Kolkata,Mouse,8,490.85
2025-May-25,Mumbai,Laptop,2,279.05
2025-Jun-7,Chennai,Tablet,9,261.9
2025-Jan-24,Bangalore,Headset,8,335.98
2025-Jan-20,Mumbai,Phone,6,279.63
2025-Feb-12,Chennai,Keyboard,4,354.71
2025-Jun-7,Delhi,Keyboard,10,253.19
2025-Apr-18,Chennai,Monitor,1,508.86
2025-Mar-7,Delhi,Monitor,8,147.1
2025-Apr-25,Mumbai,Keyboard,2,550.86
2025-Feb-16,Mumbai,Headset,10,163.92
2025-Mar-22,Delhi,Headset,8,512.18
2025-Jan-13,Chennai,Monitor,6,103.5
2025-Mar-17,Hyderabad,Headset,6,123.13
2025-Mar-13,Kolkata,Tablet,1,596.69
2025-Mar-28,Delhi,Mouse,8,578.48
2025-May-27,Delhi,Phone,5,534.65
2025-May-2,Chennai,Phone,4,414.75
2025-Jan-27,Hyderabad,Headset,7,399.1
2025-Apr-4,Kolkata,Tablet,10,270.95
2025-Jan-12,Bangalore,Mouse,5,586.19
2025-Feb-13,Bangalore,Monitor,3,288.72
2025-May-8,Hyderabad,Mouse,9,290.88
2025-Jun-21,Mumbai,Laptop,2,525.49
2025-Jun-14,Pune,Laptop,6,189.01
2025-Mar-19,Hyderabad,Laptop,1,222.8
2025-Jan-2,Hyderabad,Phone,6,148.98
2025-May-17,Kolkata,Phone,9,240.8
2025-Jan-15,Chennai,Phone,2,393.53
2025-Jun-7,Kolkata,Mouse,7,199.43
2025-May-19,Mumbai,Phone,1,181.74
2025-Mar-20,Hyderabad,Headset,3,385.97
2025-Feb-18,Chennai,Laptop,1,294.39
2025-Jun-3,Chennai,Laptop,4,185.48
2025-Jun-16,Delhi,Mouse,6,126.43
2025-May-10,Chennai,Keyboard,1,543.85
2025-May-17,Bangalore,Headset,6,130.91
2025-Mar-21,Hyderabad,Tablet,4,591.84
2025-Apr-10,Kolkata,Mouse,9,265.69
2025-Mar-14,Chennai,Phone,6,226.67
2025-Apr-15,Bangalore,Monitor,2,283.5
2025-Mar-26,Mumbai,Headset,6,109.68
2025-Feb-25,Hyderabad,Mouse,2,195.85
2025-Apr-21,Mumbai,Keyboard,5,523.84
2025-May-25,Kolkata,Mouse,9,402.83
2025-Jan-18,Hyderabad,Tablet,5,243.52
2025-Feb-19,Mumbai,Keyboard,9,299.03
2025-Jan-6,Kolkata,Monitor,6,436.97
2025-Jun-3,Bangalore,Laptop,1,292.5
2025-Feb-4,Hyderabad,Monitor,7,305.28
2025-Jan-21,Chennai,Tablet,1,260.89